"%s was added to your shopping cart.","%s foi adicionado ao seu carrinho."
"%s was updated in your shopping cart.","%s seu carrinho foi atualizado."
"(Excl. Tax)","(Excl. Taxas)"
"(Incl. Tax)","(Incl. Taxas)"
"* Required Fields","*Campos Obrigat√≥rios"
"Add New Address","Adicionar Endere√ßo"
"Add New Condition","Criar Termo"
"Add coupon code for shopping cart","Adicionado cupom promocional ao seu carrinho"
"Add gift messages to shopping cart","Adicionar mensagem p/ presente no carrinho"
"Add product to shopping cart","Produto adicionado ao carrinho"
"Add product(s) to shopping cart","Produtos adicionados ao carrinho"
"Add to Cart","Comprar"
"Add to Compare","Comparar Produtos"
"Add to Wishlist","Adicionar aos Favoritos"
"Additional Product Info","Informa√ß√£o Adicional do Produto"
"Address","Endere√ßo"
"Address %s of %s","Endere√ßo %s de %s"
"After Adding a Product Redirect to Shopping Cart","Ap√≥s Adicionar Produto Redirecionar p/ Carrinho"
"Allow Guest Checkout","Permitir Checkout como Visitante"
"Already registered?","J√° possui uma conta?"
"An error occurred in the process of payment","Ocorreu um erro ao processar o pagamento"
"An error occurred while deleting this condition.","Ocorreu um erro ao excluir esta condi√ß√£o."
"An error occurred while saving this condition.","Ocorreu um erro ao salvar esta condi√ß√£o."
"Apply","Aplicar"
"Apply Coupon","Usar Cupom"
"Are you sure you want to leave this page? You will need to go through the checkout steps again.","Deseja realmente sair? Ser√° preciso reiniciar todo processo de checkout novamente."
"Are you sure you would like to remove this item from the shopping cart?","Deseja realmente retirar este produto do seu carrinho?"
"Back","Voltar"
"Back to Billing Information","Voltar para Informa√ß√µes de Cobran√ßa"
"Back to Select Addresses","Voltar para Selecionar Endere√ßo"
"Back to Shipping Information","Voltar para Informa√ß√µes de Entrega"
"Back to Shopping Cart","Voltar para Carrinho de Compras"
"Based on your selection, you may be interested in the following items:","Aproveite Nossas Ofertas:"
"Billing Address","Endere√ßo de Cobran√ßa"
"Billing Information","Informa√ß√µes de Cobran√ßa"
"Billing Information - %s","Informa√ß√µes de Cobran√ßa - %s"
"Can not remove the item.","N√£o foi poss√≠vel remover o item."
"Can not save item.","N√£o foi poss√≠vel salvar o item."
"Cancel","Cancelar"
"Cancel Coupon","Cancelar Cupom"
"Cannot add item to the shopping cart.","N√£o foi poss√≠vel adicionar item ao carrinho."
"Cannot add the item to shopping cart","N√£o foi poss√≠vel adicionar o item ao carrinho"
"Cannot add the item to shopping cart.","N√£o foi poss√≠vel adicionar o item ao carrinho."
"Cannot apply the coupon code.","O cupom n√£o foi resgatado."
"Cannot configure product.","N√£o foi poss√≠vel configurar o produto."
"Cannot open the overview page","N√£o foi poss√≠vel abrir a p√°gina de visualiza√ß√£o"
"Cannot process the item.","N√£o foi poss√≠vel processar o produto."
"Cannot remove the item.","N√£o foi poss√≠vel remover o produto."
"Cannot update shopping cart.","N√£o foi poss√≠vel atualizar valores."
"Cannot update the item.","N√£o foi poss√≠vel atualizar o produto."
"Card Verification Number Visual Reference","Refer√™ncia Visual p/ Verifica√ß√£o de N√∫mero do Cart√£o"
"Cart","Carrinho"
"Cart Product API","API Produto no Carrinho"
"Cart Subtotal:","Subtotal:"
"Change","Alterar"
"Change Billing Address","Alterar Endere√ßo de Cobran√ßa"
"Checkbox Text","Texto do Checkbox"
"Checkout","Fechar Pedido"
"Checkout Conditions","Condi√ß√µes do Pedido"
"Checkout Forms Extra","Forms Extra do Pedido"
"Checkout Method","Identifica√ß√£o"
"Checkout Options","Op√ß√µes ao Fechar Pedido"
"Checkout Progress Wrapper","Progresso de Checkout Completo"
"Checkout Section","Sess√£o Pagamento do Pedido"
"Checkout Terms and Conditions","Exibir Termos e Condi√ß√µes"
"Checkout as Guest","Fechar Pedido como Visitante"
"Checkout as a Guest or Register","Criar Conta"
"Checkout with Multiple Addresses","Finalizar Pedido com V√°rios Endere√ßos"
"City","Cidade"
"Clear Shopping Cart","Esvaziar Carrinho"
"Click <a href=""%s"" onclick=""this.target=\'_blank\'"">here to print</a> a copy of your order confirmation.","Clique <a href=""%s"" onclick=""this.target=\'_blank\'"">aqui para imprimir</a> uma c√≥pia da sua confirma√ß√£o de pedido."
"Click <a href=""%s"" onclick=""this.target='_blank'"">here to print</a> a copy of your order confirmation.","Clique <a href=""%s"" onclick=""this.target='_blank'"">aqui para imprimir</a> uma c√≥pia da sua confirma√ß√£o de pedido."
"Click <a href=""%s"">here</a> to continue shopping.","Clique <a href=""%s"">aqui</a> para continuar comprando."
"Close","Fechar"
"Company","Empresa"
"Condition Name","Nome do Termo"
"Configurable Product Image","Imagem do Produto Configur√°vel"
"Configure Cart Item","Configurar Produto do Carrinho"
"Confirm Password","Confirmar Senha"
"Content","Conte√∫do"
"Content Height","Altura do Conte√∫do"
"Content Height (css)","Altura do Conte√∫do (css)"
"Continue","Continuar"
"Continue Shopping","Continuar Comprando"
"Continue to Billing Information","Avan√ßar p/ Informa√ß√£o de Cobran√ßa"
"Continue to Review Your Order","Revisar Pedido"
"Continue to Shipping Information","Avan√ßar p/ Informa√ß√µes de Envio"
"Country","Pa√≠s"
"Coupon code ""%s"" is not valid.","Cupom ""%s"" n√£o √© v√°lido."
"Coupon code ""%s"" was applied.","Cupom ""%s"" foi resgatado."
"Coupon code was canceled.","Cupom foi cancelado."
"Create Billing Address","Criar Endere√ßo de Cobran√ßa"
"Create Shipping Address","Criar Endere√ßo de Entrega"
"Create an order from shopping cart","Criar um pedido com base no carrinho"
"Create shopping cart","Criar carrinho de compras"
"Customer Address is not valid.","Endere√ßo do Cliente n√£o √© v√°lido."
"Customer Information","Informa√ß√µes do Cliente"
"Customer's information","Informa√ß√£o do Cliente"
"Data saving problem","Problema ao salvar dados"
"Default Billing","Cobran√ßa Padr√£o"
"Default Shipping","Entrega Padr√£o"
"Delete Condition","Excluir Condi√ß√£o"
"Details","Detalhes"
"Disabled","Desabilitar"
"Discount Codes","Cupom de Desconto"
"Display Cart Summary","Exibir Resumo do Carrinho"
"Display Shopping Cart Sidebar","Exibir Carrinho na Barra Lateral"
"Display item quantities","Quantidade de produtos"
"Display number of items in cart","N√∫mero de produtos no carrinho"
"Display number of items in wishlist","N√∫mero de produtos nos favoritos"
"Easy access to your order history and status","Acompanhe seu pedido e hist√≥rico de compras"
"Edit","Editar"
"Edit Address","Editar Endere√ßo"
"Edit Billing Address","Editar Endere√ßo de Cobran√ßa"
"Edit Condition","Editar Condi√ß√£o"
"Edit Items","Editar Produtos"
"Edit Shipping Address","Editar Endere√ßo de Entrega"
"Edit Terms and Conditions","Editar Termos e Condi√ß√µes"
"Edit Your Cart","Editar Carrinho"
"Edit item","Editar produto"
"Edit item parameters","Editar par√¢metros do produto"
"Email Address","Email"
"Empty Cart","Nenhum produto no carrinho"
"Empty Shopping Cart Content Before","Nenhum conteudo no carrinho"
"Enable Onepage Checkout","Exibir P√°gina de Checkout"
"Enable Terms and Conditions","Exibir Termos e Condi√ß√µes"
"Enabled","Habilitado"
"Enter a New Address","Informe um Novo Endere√ßo"
"Enter your coupon code if you have one.","Informe aqui seu cupom promocional."
"Enter your destination to get a shipping estimate.","Informe seu CEP para calcular o valor da entrega."
"Estimate","Calcular Frete"
"Estimate Shipping and Tax","Calcular Frete e Imposto"
"Excl. Tax","Excl. Imposto"
"Fast and easy check out","Fechar pedidos com maior agilidade"
"Cellphone","Celular"
"Forgot an Item?","Faltou algum Produto?"
"Forgot your password?","Esqueceu sua senha?"
"Get a Quote","Calcular"
"Get list of available payment methods","Verificar lista das formas de pagamento dispon√≠veis"
"Get list of available shipping methods","Verificar lista das formas de envio dispon√≠veis"
"Get list of products in shopping cart","Verificar lista de produtos no carrinho"
"Get terms and conditions","Verificar temos e condi√ß√µes"
"Get total prices for shopping cart","Verificar pre√ßo total do carrinho"
"Gift Message","Mensagem de Presente"
"Grand Total:","Valor Total:"
"Grouped Product Image","Imagem do Produto Agrupado"
"HTML","HTML"
"ID","ID"
"Incl. Tax","Incl. Imposto"
"Invalid checkout type.","Tipo de checkout inv√°lido."
"Invalid data.","Dados inv√°lidos."
"Invalid email address ""%s""","Email inv√°lido ""%s"""
"Invalid method: %s","M√©todo inv√°lido: %s"
"Invalid shipping method.","Forma de entrega inv√°lida."
"Item not found or already ordered","Produto n√£o encontrado ou j√° solicitado"
"Item was removed successfully.","Item removido com sucesso."
"Item was updated successfully.","Item atualizado com sucesso."
"Items","Produtos"
"Items After","Depois os Produtos"
"Items Before","Primeiro os Produtos"
"Load customer quote error","Erro ao carregar informa√ß√µes do cliente"
"Loading next step...","Carregando..."
"Login","Entrar"
"Login/Registration Before","Entrar/Registrar Antes"
"Manage Terms and Conditions","Gerenciar Termos e Condi√ß√µes"
"Maximum Display Recently Added Item(s)","M√°ximo de Itens na Lista"
"Maximum qty allowed for Shipping to multiple addresses is %s","Quantidade m√°xima permitida para entrega em v√°rios endere√ßos √© %s"
"Mini-cart promotion block","Mini-cart bloco de promo√ß√£o"
"Minimum order amount is %s","Valor m√≠nimo do pedido √© %s"
"Move","Mover"
"Move to Wishlist","Mover p/ Favoritos"
"Move to wishlist","Mover p/ favoritos"
"Multishipping Checkout","Checkout p/ V√°rios Endere√ßos"
"Multishipping Checkout Address (Any) Form","Formul√°rio de Endere√ßo (qualquer) p/ Checkout de V√°rios Endere√ßos"
"Multishipping Checkout Billing Address Creation","Cria√ß√£o de Endere√ßo de Cobran√ßa p/ Checkout de V√°rios Endere√ßos"
"Multishipping Checkout Billing Address Edit Form","Editar Formul√°rio de Endere√ßo de Cobran√ßa p/ Checkout de V√°rios Endere√ßos"
"Multishipping Checkout Billing Address Selection","Sele√ß√£o de Endere√ßo de Cobran√ßa p/ Checkout de V√°rios Endere√ßos"
"Multishipping Checkout Billing Information Step","Informa√ß√£o de Cobran√ßa p/ Checkout de V√°rios Endere√ßos"
"Multishipping Checkout Customer Address Edit Form","Editar Formul√°rio de Endere√ßo do Cliente p/ Checkout de V√°rios Endere√ßos"
"Multishipping Checkout Overview","Visualizar Checkout de V√°rios Endere√ßos"
"Multishipping Checkout Shipping Address Creation","Cria√ß√£o de Endere√ßo de Entrega p/ Checkout de V√°rios Endere√ßos"
"Multishipping Checkout Shipping Address Edit Form","Editar Formul√°rio de Endere√ßo de Entrega p/ Checkout de V√°rios Endere√ßos"
"Multishipping Checkout Shipping Address Selection","Sele√ß√£o de Endere√ßo de Entrega p/ Checkout de V√°rios Endere√ßos"
"Multishipping Checkout Shipping Information Step","Informa√ß√£o de Entrega p/ Checkout de V√°rios Endere√ßos"
"Multishipping Checkout Success","Sucesso no Checkout p/ V√°rios Endere√ßos"
"My Cart","Carrinho"
"My Cart %s item","Carrinho %s item"
"My Cart %s items","Carrinho %s itens"
"My Cart (%s item)","Carrinho (%s item)"
"My Cart (%s items)","Carrinho (%s itens)"
"My Cart Link","Links no Carrinho"
"New Address","Novo Endere√ßo"
"New Condition","Nova Condi√ß√£o"
"New Terms and Conditions","Novo Termos e Condi√ß√µes"
"No Payment Methods","Nenhuma Forma de Pagamento"
"ORDER TOTAL WILL BE DISPLAYED BEFORE YOU SUBMIT THE ORDER","TOTAL DO PEDIDO SER√Å EXIBIDO ANTES DE SER ENVIADO"
"One Page Checkout","P√°gina de Checkout"
"One Page Checkout Failure","Falha ao Finalizar Pedido"
"One Page Checkout Overview","Resumo do Checkout"
"One Page Checkout Success","Finalizar Pedido com Sucesso"
"One item of products do not have identifier or sku","Um dos produtos n√£o possui identificador ou SKU"
"One item of products is not belong any of quote item","Um dos produtos n√£o pertence a qualquer item de cota√ß√£o"
"Order #","Pedido #"
"Order Review","Confirmar Pedido"
"Order Success","Pedido com Sucesso"
"Order place error.","Erro ao processar pedido."
"Other Items in Your Order","Outros Itens do Seu Pedido"
"Overview Items After","Depois de Revisar Produtos"
"Password","Senha"
"Payment Failed Email Reciever","Falha de Pagamento Email do Destinat√°rio"
"Payment Failed Email Sender","Falha de Pagamento Email do Remetente"
"Payment Failed Emails","Emails p/ Falha no Pagamento"
"Payment Failed Template","Modelo de Email p/ Falha no Pagamento"
"Payment Information","Informa√ß√£o de Pagamento"
"Payment Method","Forma da Pagamento"
"Payment Methods After Checkout Button","Formas de Pagamento Depois do Bot√£o Checkout"
"Payment Methods Before Checkout Button","Formas de Pagamento Antes do Bot√£o Checkout"
"Payment method information","Informa√ß√µes das formas de pagamento"
"Payment method is not defined","Forma de pagamento n√£o foi informada"
"Payment methods in shopping cart","Formas de pagamento no carrinho de compras"
"Payment profile # %s: ""%s"".","Perfil pagamento # %s: ""%s""."
"Place Order","Finalizar Pedido"
"Please agree to all Terms and Conditions before placing the order.","Voc√™ precisa aceitar os termos e condi√ß√µes antes de finalizar o pedido."
"Please agree to all Terms and Conditions before placing the orders.","Voc√™ precisa aceitar os termos e condi√ß√µes antes de finalizar os pedidos."
"Please agree to all the terms and conditions before placing the order.","Voc√™ precisa aceitar os termos e condi√ß√µes antes de finalizar o pedido."
"Please check billing address information.","Verifique as informa√ß√µes do endere√ßo de cobran√ßa."
"Please check shipping address information.","Verifique as informa√ß√µes do endere√ßo de entrega."
"Please check shipping addresses information.","Verifique as informa√ß√µes dos endere√ßos de entrega."
"Please choose to register or to checkout as a guest","Criar conta ou continuar como visitante"
"Please log in below:","Informe abaixo:"
"Please select region, state or province","Selecione o estado..."
"Please select shipping address for applicable items","Selecione um endere√ßo de entrega para seus produtos"
"Please select shipping methods for all addresses","Selecione a forma de entrega para todos os endere√ßos"
"Please select valid payment method.","Selecione uma forma de pagamento v√°lida."
"Please specify payment method.","Informe uma forma de pagamento."
"Please specify shipping method.","Informe um meio de entrega."
"Please specify shipping methods for all addresses.","Informe a forma de entrega para todos os endere√ßos."
"Price","Pre√ßo"
"Proceed to Checkout","Finalizar Pedido"
"Product","Produto"
"Product Name","Nome do Produto"
"Products","Produtos"
"Qty","Qtd"
"Qty:","Qtd:"
"Quantity","Quantidade"
"Quantity was recalculated from %d to %d","Quantidade foi recalculada de %d para %d"
"Quote Lifetime (days)","Armazenar no Carrinho (dias)"
"Quote item does not exist.","Cota√ß√£o do produto n√£o existe."
"Quote item is not found.","Cota√ß√£o do produto n√£o foi encontrada."
"Recently added item(s)","√öltimos Adicionados"
"Register","Cadastrar"
"Register and save time!","Ganhe Tempo!"
"Register to Create an Account","Criar Conta"
"Register with us for future convenience:","Aproveite as vantagens de ser cliente:"
"Remove Item","Excluir Item"
"Remove This Item","Excluir Este Produto"
"Remove coupon code from shopping cart","Remover cupom promocional do carrinho"
"Remove item","Remover produto"
"Remove product from shopping cart","Remover produto do carrinho"
"Remove product(s) from shopping cart","Remover produto(s) do carrinho"
"Require Customer To Be Logged In To Checkout","Cliente Precisa Ser Registrado p/ Finalizar Pedido"
"Retrieve information about shopping cart","Recuperar informa√ß√µes sobre o carrinho"
"Review Order","Rever Pedido"
"Review Order - %s","Rever Pedido - %s"
"SKU","SKU"
"Sales","Vendas"
"Save Condition","Salvar"
"Save in address book","Salvar este endere√ßo em minha conta"
"See price before order confirmation.","Visualizar pre√ßo antes de confirmar pedido."
"Select Address","Selecionar Endere√ßo"
"Select Addresses","Selecionar Endere√ßos"
"Select Shipping Method","Selecionar Forma de Entrega"
"Select State/Province...","Selecionar Estado..."
"Select a billing address from your address book or enter a new address.","Escolha um endere√ßo de cobran√ßa cadastrado ou crie um novo."
"Select a shipping address from your address book or enter a new address.","Escolha um endere√ßo de entrega cadastrado ou crie um novo."
"Send Payment Failed Email Copy Method","Enviar C√≥pia de Email p/ Falha no Pagamento M√©todo"
"Send Payment Failed Email Copy To","Enviar C√≥pia de Email p/ Falha no Pagamento Para"
"Send To","Enviar Para"
"Separate by "","".","Separado por "",""."
"Set customer for shopping cart","Informar cliente p/ o carrinho"
"Set customer's addresses in shopping cart","Informar endere√ßo do cliente para o carrinho"
"Set payment method","Informe a forma de pagamento"
"Set shipping method","Informe a forma de entrega"
"Ship to Multiple Addresses","Entregar em V√°rios Endere√ßos"
"Ship to different address","Entregar em Outro Endere√ßo"
"Ship to this address","Entregar no Mesmo Endere√ßo"
"Shipping Address","Endere√ßo de Entrega"
"Shipping Information","Informa√ß√µes de Entrega"
"Shipping Method","Escolha de Frete"
"Shipping Methods","Formas de Entrega"
"Shipping To","Entregar Para"
"Shipping information","Informa√ß√£o de Entrega"
"Shipping method has not been selected yet","Forma de entrega ainda n√£o foi selecionado"
"Shipping methods in shopping cart","Forma de envio para o carrinho"
"Shipping selection is not applicable.","Entrega selecionada n√£o est√° dispon√≠vel."
"Shopping Cart","Carrinho de Compras"
"Shopping Cart Form Before","Primeiro o Formul√°rio de Carrinho"
"Shopping Cart Items After","Depois do Carrinho"
"Shopping Cart Items Before","Antes do Carrinho"
"Shopping Cart Sidebar","Carrinho na Lateral"
"Shopping Cart Sidebar Extra Actions","A√ß√µes Extras no Carrinho da Lateral"
"Shopping Cart is Empty","Carrinho Vazio"
"Shopping cart ability to set coupon code","Possibilidade de inserir cupom promocional no carrinho"
"Show Content as","Exibir Conte√∫do como"
"Some of the requested products are not available in the desired quantity.","Alguns produtos solicitados n√£o est√£o dispon√≠veis na quantidade desejada."
"Some of the requested products are unavailable.","Alguns produtos solicitados n√£o est√£o dispon√≠veis."
"Some products quantities were recalculated because of quantity increment mismatch","Alguns produtos solicitados foram recalculados porque n√£o est√£o dispon√≠veis na quantidade solicitada"
"Sorry, guest checkout is not enabled. Please try again or contact store owner.","N√£o √© poss√≠vel finalizar o pedido como visitante. Tente novamente ou entre em contato com o suporte."
"Sorry, no quotes are available for this order at this time.","N√£o h√° formas de entregas dispon√≠veis para este pedido no momento."
"State/Province","Estado"
"Status","Status"
"Store View","Vis√£o"
"Street Address","Rua"
"Street Address %s","Rua %s"
"Submitting order information...","Enviando informa√ß√µes do pedido..."
"Subtotal","Subtotal"
"Subtotal must exceed minimum order amount","Subtotal deve ser maior que o m√≠nimo permitido"
"Telephone","Telefone"
"Terms and Conditions","Termos e Condi√ß√µes"
"Terms and Conditions Information","Informa√ß√£o dos Termos e Condi√ß√µes"
"Terms and conditions","Termos e Condi√ß√µes"
"Text","Texto"
"Thank you for your purchase!","Agradecemos a prefer√™ncia! üòä"
"The condition has been deleted","A condi√ß√£o foi exclu√≠da"
"The condition has been saved.","A condi√ß√£o foi salva."
"The onepage checkout is disabled.","O checkout n√£o est√° dispon√≠vel."
"The product could not be found.","O produto n√£o foi encontrado."
"The product does not exist.","O produto n√£o existe."
"There are <a href=""%s"">%s items</a> in your cart.","Voc√™ possui <a href=""%s"">%s itens</a> no carrinho."
"There is <a href=""%s"">1 item</a> in your cart.","Voc√™ possui <a href=""%s"">1 item</a> no carrinho."
"There is already a customer registered using this email address. Please login using this email address or enter a different email address to register your account.","O email informado j√° foi cadastrado nesta loja. Tente utilizar este email para acessar a conta ou informe um novo endere√ßo de email para criar sua conta."
"There was an error processing your order. Please contact us or try again later.","Ocorreu um erro ao processar seu pedido. Entre em contato ou tente novamente."
"This condition no longer exists.","Esta condi√ß√£o n√£o existe mais."
"Total","Total"
"Total for this address","Total para este endere√ßo"
"Unable to set Payment Method.","Forma de Pagamento n√£o Identificado."
"Unit Price","Pre√ßo Unit√°rio"
"Update","Atualizar"
"Update Cart","Atualizar Carrinho"
"Update Qty &amp; Addresses","Atualizar Qtd &amp; Endere√ßos"
"Update Shopping Cart","Atualizar Valores"
"Update Total","Atualizar Total"
"Update product quantities in shopping cart","Atualizar quantidade de produtos no carrinho"
"Update product(s) quantities in shopping cart","Atualizar quantidade de produto(s) no carrinho"
"Use Billing Address","Usar Endere√ßo de Cobran√ßa"
"VAT Number","N√∫mero VAT (imposto sobre valor agregado)"
"View Shopping Cart","Visualizar Carrinho"
"We are processing your order and you will soon receive an email with details of the order. Once the order has shipped you will receive another email with a link to track its progress.","Seu pedido esta passando por um processo de an√°lise e voc√™ receber√° um email com detalhes. Assim que seu pedido sair para entrega voc√™ receber√° outro email com um link de rastreamento da entrega."
"What&#39;s this?","O que √© isso?"
"What's this?","O que √© isso?"
"You have no items in your shopping cart.","Nenhum produto no carrinho."
"You will receive an order confirmation email with details of your order and a link to track its progress.","Voc√™ receber√° uma c√≥pia com detalhes do seu pedido por email e um link para acompanhamento."
"Your Checkout Progress","Progresso do Pedido"
"Your billing agreement # is: %s.","Seu termo de cobran√ßa # √©: %s."
"Your order # is: %s.","Seu pedido # √©: %s"
"Your order cannot be completed at this time as there is no payment methods available for it.","Seu pedido n√£o pode ser finalizado neste momento pois n√£o h√° formas de pagamento dispon√≠veis para ele."
"Your order cannot be completed at this time as there is no shipping methods available for it. Please make necessary changes in your shipping address.","Seu pedido n√£o pode ser finalizado no momento pois n√£o h√° formas de entrega dispon√≠veis para ele. Talvez seja necess√°rio alterar seu endere√ßo de entrega."
"Your order has been received.","Recebemos o seu pedido."
"Your order number is ","N√∫mero do seu pedido √© "
"Your recurring payment profiles:","Seu perfil de pagamento recorrente:"
"Zip","Cep"
"Zip/Postal Code","Cep"
"ok","ok"
"or","ou"
